title,avg_user_rating,rating_count,rating_std,weighted_rating,popularity_score,consistency_score,hybrid_score,recommended_for_cluster,reason
"Shawshank Redemption, The (1994)",4.621212121212121,33,0.46821307633222364,1.0,1.0,0.684647958043475,0.936929591608695,0,Popular & highly rated within this segment
Star Wars: Episode VI - Return of the Jedi (1983),4.481481481481482,27,0.7780829682065433,0.8708260104924188,0.8731244433805704,0.4340693039003697,0.7841641990404544,0,Popular & highly rated within this segment
Forrest Gump (1994),4.315789473684211,38,0.7015528397157471,0.7739533094109537,0.9548578464372169,0.4874692454629694,0.7709278577292358,0,Popular & highly rated within this segment
Schindler's List (1993),4.5,22,0.7559289460184545,0.8597520641262945,0.7964609667687613,0.44904887668893084,0.7586240974315619,0,Popular & highly rated within this segment
"Silence of the Lambs, The (1991)",4.354838709677419,31,0.7766761271286851,0.78922085568944,0.8879739982270047,0.4350094396190855,0.7480045152366385,0,Popular & highly rated within this segment
Fargo (1996),4.5,18,0.5940885257860045,0.8333767268419383,0.7164218558755671,0.5711088933714003,0.7458366988579194,0,Popular & highly rated within this segment
"Usual Suspects, The (1995)",4.444444444444445,18,0.5659164584181103,0.7969689072740469,0.7011932253816378,0.5949344741083228,0.7278293160731794,0,Popular & highly rated within this segment
Wallace & Gromit: The Wrong Trousers (1993),4.8125,8,0.3720119045714225,0.8576966786828246,0.4673127174353435,0.7854662176245969,0.7261353980969347,0,Popular & highly rated within this segment
"Princess Bride, The (1987)",4.4375,16,0.5737304826019501,0.7777035725923148,0.6533408590152366,0.5882405373249101,0.7025021514657104,0,Popular & highly rated within this segment
Willy Wonka & the Chocolate Factory (1971),4.583333333333333,12,0.7017294652672369,0.821784248013867,0.5773404589982165,0.487340472889953,0.6815623562843891,0,Popular & highly rated within this segment
"Matrix, The (1999)",4.25,32,0.9503819266229833,0.7113678260782341,0.8663232563851025,0.3291834863816287,0.6814175872309736,0,Popular & highly rated within this segment
American Beauty (1999),4.2727272727272725,22,0.6310850959010189,0.701201882137091,0.7301196445010106,0.541070395612983,0.6778509135414453,0,Popular & highly rated within this segment
Reservoir Dogs (1992),4.461538461538462,13,0.6602252917735247,0.7645790048448788,0.5790383327165375,0.5183532049461737,0.6596716432266354,0,Popular & highly rated within this segment
Star Wars: Episode IV - A New Hope (1977),4.21875,32,1.0467884834255,0.6873919448993789,0.8561510470430599,0.27820114872346896,0.6561815163073013,0,Popular & highly rated within this segment
Snatch (2000),4.555555555555555,9,0.4639803635691685,0.7584781595409781,0.4594378271541631,0.6888051517378486,0.6548314582643077,0,Popular & highly rated within this segment
Terminator 2: Judgment Day (1991),4.285714285714286,21,0.8150372471769093,0.7063659439873543,0.7161750951742912,0.4098961692817238,0.6500147344023093,0,Popular & highly rated within this segment
Monty Python and the Holy Grail (1975),4.392857142857143,14,0.6557019558801508,0.7337179377847814,0.5903794575785352,0.5218270900687811,0.6483382241797074,0,Popular & highly rated within this segment
Saving Private Ryan (1998),4.2272727272727275,22,0.7516216235148273,0.6694918457392504,0.7168513800474606,0.4520052954900965,0.6402023959818827,0,Popular & highly rated within this segment
Goodfellas (1990),4.333333333333333,12,0.4438126822992974,0.6813540868234301,0.5176438586456209,0.7089477581508077,0.637759752635563,0,Popular & highly rated within this segment
Taxi Driver (1976),4.45,10,0.4972144630058764,0.7214411228526437,0.4762956096310273,0.6567962737459745,0.634968499064825,0,Popular & highly rated within this segment
"Shawshank Redemption, The (1994)",4.305555555555555,18,0.7696234543189994,1.0,1.0,0.5835521729612431,0.9167104345922487,1,Popular & highly rated within this segment
Raiders of the Lost Ark (Indiana Jones and the Raiders of the Lost Ark) (1981),4.4375,8,0.4955156044825574,0.9067257468486289,0.5890404129362864,0.8917278624137803,0.8084205697879565,1,Popular & highly rated within this segment
"Clockwork Orange, A (1971)",4.5,5,0.49999999999999994,0.8112735511882727,0.35216430412867356,0.8857798698104464,0.6884420407948276,1,Popular & highly rated within this segment
Back to the Future (1985),4.416666666666667,6,0.6645800679125626,0.8170803775705542,0.42678448285267045,0.6896562022267899,0.6745067740864362,1,Popular & highly rated within this segment
Star Wars: Episode V - The Empire Strikes Back (1980),4.3,5,0.4472135954999579,0.7125544417644374,0.30185511782457736,0.9581312643849909,0.6384600091065901,1,Popular & highly rated within this segment
Star Wars: Episode IV - A New Hope (1977),4.041666666666667,12,0.9876126709792598,0.7113921582104696,0.6755892006803415,0.39914784645726253,0.6382024086007898,1,Popular & highly rated within this segment
"Usual Suspects, The (1995)",4.1875,8,0.8425090080061033,0.7463071940348968,0.511923072054609,0.5170402215739782,0.6301385629486267,1,Popular & highly rated within this segment
Spider-Man 2 (2004),4.3,5,0.570087712549569,0.7125544417644374,0.30185511782457736,0.7972325479787478,0.6062802658253414,1,Popular & highly rated within this segment
Star Wars: Episode VI - Return of the Jedi (1983),4.142857142857143,7,0.7480132415430957,0.6937781181842134,0.42964743069650163,0.6043387116064405,0.5966510306223454,1,Popular & highly rated within this segment
Casino Royale (2006),4.125,8,0.9161253813129042,0.7062025558314637,0.4926437368341893,0.4549976782372435,0.5918939346134373,1,Popular & highly rated within this segment
Pulp Fiction (1994),3.78125,16,1.0160175523418218,0.5276969148471184,0.7242229312728792,0.3780559499337361,0.5567265267921702,1,Popular & highly rated within this segment
"Dark Knight, The (2008)",3.9444444444444446,9,0.8457409637576849,0.6039286694164034,0.49529256732498766,0.5142125188285257,0.5533946086714032,1,Popular & highly rated within this segment
"Silence of the Lambs, The (1991)",3.7,15,0.8194074514114278,0.4560351484035113,0.6604141086919716,0.5375447777320534,0.5336507623557578,1,Popular & highly rated within this segment
Terminator 2: Judgment Day (1991),3.75,12,0.7833494518006403,0.48680618427124434,0.5705616633735697,0.570610950153254,0.5286937811783439,1,Popular & highly rated within this segment
X-Men (2000),4.0,7,0.8164965809277259,0.6082215566835566,0.387942609372019,0.5401654158068878,0.5285266443147616,1,Popular & highly rated within this segment
"Godfather, The (1972)",4.083333333333333,6,0.8010409893798611,0.6337448886405741,0.3357220775269221,0.5542218825106575,0.5284334440804952,1,Popular & highly rated within this segment
Braveheart (1995),3.8846153846153846,13,1.4016931153942327,0.5977959733204713,0.6594516522546383,0.14105012597231692,0.5249435075310905,1,Popular & highly rated within this segment
Forrest Gump (1994),3.6666666666666665,21,1.1217545780309226,0.4357190372499122,0.8113681136786486,0.30450532774390254,0.5221710182773311,1,Popular & highly rated within this segment
Die Hard: With a Vengeance (1995),3.6818181818181817,11,0.6431456783935997,0.43167791334893346,0.5046363251722434,0.712973546113028,0.5098245634487454,1,Popular & highly rated within this segment
"Lord of the Rings: The Fellowship of the Ring, The (2001)",3.9444444444444446,9,1.1843892002959913,0.6039286694164034,0.49529256732498766,0.26429496305359673,0.5034110975164173,1,Popular & highly rated within this segment
"Matrix, The (1999)",4.404761904761905,21,0.561672672004069,0.9973229991025256,1.0,0.4352366620298047,0.8857088319572238,2,Popular & highly rated within this segment
Star Wars: Episode IV - A New Hope (1977),4.4,20,0.5026246899500344,0.9857581952483788,0.9727811245001513,0.47474945620899767,0.8796633262160344,2,Popular & highly rated within this segment
Saving Private Ryan (1998),4.46875,16,0.5313112709765028,1.0,0.8816025961011711,0.45517282299952255,0.8555153434302559,2,Popular & highly rated within this segment
Star Wars: Episode V - The Empire Strikes Back (1980),4.225,20,0.6171880204861231,0.8454814818217105,0.9066849541331872,0.4007194462721251,0.7748901164052364,2,Popular & highly rated within this segment
"Silence of the Lambs, The (1991)",4.204545454545454,22,0.8543877076470348,0.839784759921062,0.9464103660715246,0.27651810966334334,0.7591191117146571,2,Popular & highly rated within this segment
"Shawshank Redemption, The (1994)",4.2368421052631575,19,0.8719139396343282,0.8486463273220718,0.8855131632038223,0.2685898959070925,0.743695091803601,2,Popular & highly rated within this segment
Goodfellas (1990),4.416666666666667,12,0.7017294652672369,0.9077171559109372,0.7163104094052718,0.35248116291870357,0.7392479333607909,2,Popular & highly rated within this segment
"Godfather, The (1972)",4.294117647058823,17,1.0009186956462135,0.8781798553911456,0.8506721474713086,0.21450654220865278,0.7371928803786959,2,Popular & highly rated within this segment
Raiders of the Lost Ark (Indiana Jones and the Raiders of the Lost Ark) (1981),4.266666666666667,15,0.7286647932708022,0.8396617987278838,0.7784856697928262,0.33810330539104116,0.720997261379998,2,Popular & highly rated within this segment
Twelve Monkeys (a.k.a. 12 Monkeys) (1995),4.25,14,0.5459642140991691,0.8177765392601226,0.7387257859493246,0.445453519112858,0.7195967092374302,2,Popular & highly rated within this segment
Star Wars: Episode VI - Return of the Jedi (1983),4.176470588235294,17,0.6108696789871654,0.7884027587980784,0.8084875559042493,0.4045279587761316,0.7176532379255403,2,Popular & highly rated within this segment
Pulp Fiction (1994),4.083333333333333,24,0.8681147322824311,0.747127182366328,0.9414995944414395,0.2702958871057198,0.7100726469367399,2,Popular & highly rated within this segment
Jaws (1975),4.5625,8,0.6232117273791125,0.9095696032040087,0.5545794602652759,0.3971161385107905,0.7005818673837452,2,Popular & highly rated within this segment
Casino (1995),4.363636363636363,11,0.777525211517578,0.8564262503943897,0.6561061865516337,0.31313415087180285,0.6876718113370455,2,Popular & highly rated within this segment
"Princess Bride, The (1987)",4.375,12,1.0897247358851683,0.8796618132256032,0.703052146630445,0.18115643815302923,0.6869778382325409,2,Popular & highly rated within this segment
"Lord of the Rings: The Return of the King, The (2003)",4.25,14,0.9354143466934854,0.8177765392601226,0.7387257859493246,0.24106726868487421,0.6787194591518335,2,Popular & highly rated within this segment
Avatar (2009),4.35,10,0.6687467549246293,0.8306089583597085,0.6049472524283211,0.37071922127356655,0.6709324991630639,2,Popular & highly rated within this segment
"Godfather: Part II, The (1974)",4.214285714285714,14,0.8483986208028745,0.7922716822734551,0.7267275403133945,0.27926181613747003,0.6700064664582399,2,Popular & highly rated within this segment
Pirates of the Caribbean: The Curse of the Black Pearl (2003),4.166666666666667,15,0.7715167498104596,0.7664739482444053,0.7440899405462827,0.3161303831511654,0.6696900329163205,2,Popular & highly rated within this segment
Butch Cassidy and the Sundance Kid (1969),4.8,5,0.44721359549995804,0.9009165259708872,0.37787459872091056,0.5147611362214336,0.6667728698460035,2,Popular & highly rated within this segment
Schindler's List (1993),4.5625,16,0.5439056290693574,0.9946390334007712,0.8546691877685066,0.6535038978735074,0.8844210526056391,3,Popular & highly rated within this segment
"Shawshank Redemption, The (1994)",4.395833333333333,24,0.6423321412712781,0.9078546781478491,1.0,0.5741741664413246,0.8687621723621894,3,Popular & highly rated within this segment
Blade Runner (1982),4.722222222222222,9,0.4409585518440985,1.0,0.6107035723095556,0.748072596492728,0.8328255909914123,3,Popular & highly rated within this segment
"Bridge on the River Kwai, The (1957)",4.9,5,0.22360679774997894,0.9558104259850421,0.3619281121090188,1.0,0.7864836466252267,3,Popular & highly rated within this segment
Emma (1996),4.9,5,0.22360679774997894,0.9558104259850421,0.3619281121090188,1.0,0.7864836466252267,3,Popular & highly rated within this segment
Apocalypse Now (1979),4.55,10,0.49721446300587685,0.9134806724842185,0.6151124300232828,0.6947835079960619,0.7802307668483064,3,Popular & highly rated within this segment
Taxi Driver (1976),4.625,8,0.44320263021395906,0.9201504923268502,0.5262033506086468,0.7458673108489992,0.767109713515819,3,Popular & highly rated within this segment
Fargo (1996),4.34375,16,0.7004462863060951,0.8292675323475941,0.7810279587367288,0.5316472813539408,0.7552716100656038,3,Popular & highly rated within this segment
"Dark Knight, The (2008)",4.642857142857143,7,0.37796447300922725,0.905252784112066,0.4658881211713428,0.8129085423941959,0.754974536886275,3,Popular & highly rated within this segment
"Usual Suspects, The (1995)",4.3,15,0.6210590034081189,0.7909485503122933,0.735324722152032,0.5905038350270103,0.7341724588071583,3,Popular & highly rated within this segment
Saving Private Ryan (1998),4.45,10,0.5502524673073059,0.8504820054163416,0.5866203668068839,0.6480846392323529,0.7308440405967066,3,Popular & highly rated within this segment
"Graduate, The (1967)",4.571428571428571,7,0.44986770542121873,0.8674535838713389,0.4482394355175856,0.7393577004433762,0.7160701626796204,3,Popular & highly rated within this segment
Forrest Gump (1994),4.205882352941177,17,0.6138715136688766,0.7284438749534562,0.7631802055545441,0.5961183867907509,0.7123996765012416,3,Popular & highly rated within this segment
Casablanca (1942),4.5,9,0.6614378277661476,0.8665910579739077,0.5499045126092068,0.559864708201159,0.7102398244099477,3,Popular & highly rated within this segment
Chinatown (1974),4.583333333333333,6,0.3763863263545406,0.847727688751534,0.37846010629380583,0.8146090344993644,0.7003236831637817,3,Popular & highly rated within this segment
"Wizard of Oz, The (1939)",4.666666666666667,6,0.6055300708194984,0.8882268318665978,0.3977280436141089,0.6026973795680456,0.6839713049311407,3,Popular & highly rated within this segment
Like Water for Chocolate (Como agua para chocolate) (1992),4.571428571428571,7,0.7867957924694432,0.8674535838713389,0.4482394355175856,0.47356714194769356,0.6629120509804838,3,Popular & highly rated within this segment
Full Metal Jacket (1987),4.5,6,0.44721359549995787,0.8072285456364693,0.3591921689735029,0.7419427181742944,0.6597604671451444,3,Popular & highly rated within this segment
"Beautiful Mind, A (2001)",4.357142857142857,7,0.3779644730092273,0.7540559831491604,0.39529337855631475,0.8129085423941959,0.6581977136203139,3,Popular & highly rated within this segment
American Beauty (1999),4.375,8,0.5824823725107175,0.7784034914241267,0.46093417239613294,0.6212359339961624,0.6517291842301357,3,Popular & highly rated within this segment
